{"d": 2, "version": 6, "index_type": "SBT", "storage": {"backend": "FSStorage", "args": {"path": ".sbt.ref_db"}}, "factory": {"class": "GraphFactory", "args": [1, 100000.0, 4]}, "nodes": {"0": {"filename": "internal.0", "name": "internal.0", "metadata": {"min_n_below": 35}}, "1": {"filename": "internal.1", "name": "internal.1", "metadata": {"min_n_below": 1650}}, "2": {"filename": "internal.2", "name": "internal.2", "metadata": {"min_n_below": 35}}, "3": {"filename": "internal.3", "name": "internal.3", "metadata": {"min_n_below": 3134}}, "4": {"filename": "internal.4", "name": "internal.4", "metadata": {"min_n_below": 1650}}, "5": {"filename": "internal.5", "name": "internal.5", "metadata": {"min_n_below": 35}}, "6": {"filename": "internal.6", "name": "internal.6", "metadata": {"min_n_below": 3170}}, "7": {"filename": "internal.7", "name": "internal.7", "metadata": {"min_n_below": 3134}}, "8": {"filename": "internal.8", "name": "internal.8", "metadata": {"min_n_below": 3185}}, "9": {"filename": "internal.9", "name": "internal.9", "metadata": {"min_n_below": 1650}}, "10": {"filename": "internal.10", "name": "internal.10", "metadata": {"min_n_below": 2267}}, "11": {"filename": "internal.11", "name": "internal.11", "metadata": {"min_n_below": 35}}, "12": {"filename": "internal.12", "name": "internal.12", "metadata": {"min_n_below": 3160}}, "13": {"filename": "internal.13", "name": "internal.13", "metadata": {"min_n_below": 3185}}, "14": {"filename": "internal.14", "name": "internal.14", "metadata": {"min_n_below": 3170}}, "15": {"filename": "internal.15", "name": "internal.15", "metadata": {"min_n_below": 3166}}, "16": {"filename": "internal.16", "name": "internal.16", "metadata": {"min_n_below": 3134}}, "17": {"filename": "internal.17", "name": "internal.17", "metadata": {"min_n_below": 3193}}, "18": {"filename": "internal.18", "name": "internal.18", "metadata": {"min_n_below": 3185}}, "19": {"filename": "internal.19", "name": "internal.19", "metadata": {"min_n_below": 3173}}, "20": {"filename": "internal.20", "name": "internal.20", "metadata": {"min_n_below": 1650}}, "21": {"filename": "internal.21", "name": "internal.21", "metadata": {"min_n_below": 3180}}, "22": {"filename": "internal.22", "name": "internal.22", "metadata": {"min_n_below": 2267}}, "23": {"filename": "internal.23", "name": "internal.23", "metadata": {"min_n_below": 188}}, "24": {"filename": "internal.24", "name": "internal.24", "metadata": {"min_n_below": 35}}, "25": {"filename": "internal.25", "name": "internal.25", "metadata": {"min_n_below": 3160}}, "26": {"filename": "internal.26", "name": "internal.26", "metadata": {"min_n_below": 3161}}, "27": {"filename": "internal.27", "name": "internal.27", "metadata": {"min_n_below": 3185}}, "28": {"filename": "internal.28", "name": "internal.28", "metadata": {"min_n_below": 4807}}, "29": {"filename": "internal.29", "name": "internal.29", "metadata": {"min_n_below": 3174}}, "30": {"filename": "internal.30", "name": "internal.30", "metadata": {"min_n_below": 3170}}, "31": {"filename": "internal.31", "name": "internal.31", "metadata": {"min_n_below": 3219}}, "32": {"filename": "internal.32", "name": "internal.32", "metadata": {"min_n_below": 3166}}, "33": {"filename": "internal.33", "name": "internal.33", "metadata": {"min_n_below": 3191}}, "34": {"filename": "internal.34", "name": "internal.34", "metadata": {"min_n_below": 3134}}, "35": {"filename": "internal.35", "name": "internal.35", "metadata": {"min_n_below": 4332}}, "36": {"filename": "internal.36", "name": "internal.36", "metadata": {"min_n_below": 3193}}}, "signatures": {"37": {"filename": "9754fb0c075903281ed9c26c3ebde779", "name": "9754fb0c075903281ed9c26c3ebde779", "metadata": "9754fb0c075903281ed9c26c3ebde779"}, "38": {"filename": "196150d2221f976242865a822413068f", "name": "196150d2221f976242865a822413068f", "metadata": "196150d2221f976242865a822413068f"}, "39": {"filename": "6eb9ffe7e2c12eb7b72fb3c7a57da555", "name": "6eb9ffe7e2c12eb7b72fb3c7a57da555", "metadata": "6eb9ffe7e2c12eb7b72fb3c7a57da555"}, "40": {"filename": "a420ffba25454b7142e1d4b9fb6de296", "name": "a420ffba25454b7142e1d4b9fb6de296", "metadata": "a420ffba25454b7142e1d4b9fb6de296"}, "41": {"filename": "f8b559e5ec1d24e42ac02b4365fa9d39", "name": "f8b559e5ec1d24e42ac02b4365fa9d39", "metadata": "f8b559e5ec1d24e42ac02b4365fa9d39"}, "42": {"filename": "cdb4b7a51ef784b6b757a13ed9a08d17", "name": "cdb4b7a51ef784b6b757a13ed9a08d17", "metadata": "cdb4b7a51ef784b6b757a13ed9a08d17"}, "43": {"filename": "77a1e603070caa4e599002c4833806ed", "name": "77a1e603070caa4e599002c4833806ed", "metadata": "77a1e603070caa4e599002c4833806ed"}, "44": {"filename": "223ed1a36c1f9a2f629fb13620b92fa8", "name": "223ed1a36c1f9a2f629fb13620b92fa8", "metadata": "223ed1a36c1f9a2f629fb13620b92fa8"}, "45": {"filename": "07e0dba98c5440b3bd6c2bfff1143aa0", "name": "07e0dba98c5440b3bd6c2bfff1143aa0", "metadata": "07e0dba98c5440b3bd6c2bfff1143aa0"}, "46": {"filename": "d295ee446d6d9695ad3714282d069fe6", "name": "d295ee446d6d9695ad3714282d069fe6", "metadata": "d295ee446d6d9695ad3714282d069fe6"}, "47": {"filename": "45903ec04c1871a700e9e50544e83f3e", "name": "45903ec04c1871a700e9e50544e83f3e", "metadata": "45903ec04c1871a700e9e50544e83f3e"}, "48": {"filename": "07ffa55702dca68f91a8f327c7646886", "name": "07ffa55702dca68f91a8f327c7646886", "metadata": "07ffa55702dca68f91a8f327c7646886"}, "49": {"filename": "8eaa3d81762208932c63f28006127337", "name": "8eaa3d81762208932c63f28006127337", "metadata": "8eaa3d81762208932c63f28006127337"}, "50": {"filename": "36c1c85145d0cb163aa869b853acdb1b", "name": "36c1c85145d0cb163aa869b853acdb1b", "metadata": "36c1c85145d0cb163aa869b853acdb1b"}, "51": {"filename": "17199f8f8603727868b9b2b7b320d9b2", "name": "17199f8f8603727868b9b2b7b320d9b2", "metadata": "17199f8f8603727868b9b2b7b320d9b2"}, "52": {"filename": "616f5616ba95001de47b7bd8a154ce1e", "name": "616f5616ba95001de47b7bd8a154ce1e", "metadata": "616f5616ba95001de47b7bd8a154ce1e"}, "53": {"filename": "3b48a55512e8dedc2b8d6e33699893bd", "name": "3b48a55512e8dedc2b8d6e33699893bd", "metadata": "3b48a55512e8dedc2b8d6e33699893bd"}, "54": {"filename": "6a502d178545363c31d83e9632395cc4", "name": "6a502d178545363c31d83e9632395cc4", "metadata": "6a502d178545363c31d83e9632395cc4"}, "55": {"filename": "19fef37e6d5d274385b5a9cb3a190717", "name": "19fef37e6d5d274385b5a9cb3a190717", "metadata": "19fef37e6d5d274385b5a9cb3a190717"}, "56": {"filename": "c88db8c827b4494a077b8a0dc8ae6ef3", "name": "c88db8c827b4494a077b8a0dc8ae6ef3", "metadata": "c88db8c827b4494a077b8a0dc8ae6ef3"}, "57": {"filename": "ca53fdd502a8502df7918c41a31d1b64", "name": "ca53fdd502a8502df7918c41a31d1b64", "metadata": "ca53fdd502a8502df7918c41a31d1b64"}, "58": {"filename": "849ec739a16738226197fa6c3096d5eb", "name": "849ec739a16738226197fa6c3096d5eb", "metadata": "849ec739a16738226197fa6c3096d5eb"}, "59": {"filename": "ffe8d7c407b4c977960c5c82d3c2ae32", "name": "ffe8d7c407b4c977960c5c82d3c2ae32", "metadata": "ffe8d7c407b4c977960c5c82d3c2ae32"}, "60": {"filename": "d4c2dc5d3c87d7c283846d94547ec17b", "name": "d4c2dc5d3c87d7c283846d94547ec17b", "metadata": "d4c2dc5d3c87d7c283846d94547ec17b"}, "61": {"filename": "66ab0839f432bbd2e7354899f6af6f96", "name": "66ab0839f432bbd2e7354899f6af6f96", "metadata": "66ab0839f432bbd2e7354899f6af6f96"}, "62": {"filename": "2ae467c9f3c55d6a7a9118465e53a0e1", "name": "2ae467c9f3c55d6a7a9118465e53a0e1", "metadata": "2ae467c9f3c55d6a7a9118465e53a0e1"}, "63": {"filename": "d235dde7f45e22bb4d904e1cef656964", "name": "d235dde7f45e22bb4d904e1cef656964", "metadata": "d235dde7f45e22bb4d904e1cef656964"}, "64": {"filename": "efbed97c1ae30ea9e032870596013a0f", "name": "efbed97c1ae30ea9e032870596013a0f", "metadata": "efbed97c1ae30ea9e032870596013a0f"}, "65": {"filename": "b051398f64817140026029d0886ab975", "name": "b051398f64817140026029d0886ab975", "metadata": "b051398f64817140026029d0886ab975"}, "66": {"filename": "537859effed9e9cd3567589c476d8f38", "name": "537859effed9e9cd3567589c476d8f38", "metadata": "537859effed9e9cd3567589c476d8f38"}, "67": {"filename": "80dd9b4aae66dd4a4c189f4d4ffb483a", "name": "80dd9b4aae66dd4a4c189f4d4ffb483a", "metadata": "80dd9b4aae66dd4a4c189f4d4ffb483a"}, "68": {"filename": "2b810ee42baf82676ca279ebcc3cb2ae", "name": "2b810ee42baf82676ca279ebcc3cb2ae", "metadata": "2b810ee42baf82676ca279ebcc3cb2ae"}, "69": {"filename": "fe0114a5cd9d6d39748db302127b1920", "name": "fe0114a5cd9d6d39748db302127b1920", "metadata": "fe0114a5cd9d6d39748db302127b1920"}, "70": {"filename": "ac227ebab1e72664ab681fdb4083ac5e", "name": "ac227ebab1e72664ab681fdb4083ac5e", "metadata": "ac227ebab1e72664ab681fdb4083ac5e"}, "71": {"filename": "e179d6a58a23432cbeea7a09aa947477", "name": "e179d6a58a23432cbeea7a09aa947477", "metadata": "e179d6a58a23432cbeea7a09aa947477"}, "72": {"filename": "718ef51698f685247a639ef793e5f4ea", "name": "718ef51698f685247a639ef793e5f4ea", "metadata": "718ef51698f685247a639ef793e5f4ea"}, "73": {"filename": "00529f3f5708f1b62dee9bda4ff29a7d", "name": "00529f3f5708f1b62dee9bda4ff29a7d", "metadata": "00529f3f5708f1b62dee9bda4ff29a7d"}, "74": {"filename": "3fd20af1981afc7379ebf6043f3ccdbb", "name": "3fd20af1981afc7379ebf6043f3ccdbb", "metadata": "3fd20af1981afc7379ebf6043f3ccdbb"}}}